{
    "background": "A man on a strict diet wants to meet his minimum protein and calorie requirements by drinking meal replacement drinks from two brands: alpha and omega. He also wants to minimize his sugar intake while ensuring that no more than 35% of his drink comes from the omega brand.",
    "problem_type": "unknown",
    "parameters": [
        {
            "definition": "Amount of bottles of alpha brand meal replacement drink.",
            "symbol": "alpha",
            "shape": [],
            "code": "alpha = data[\"alpha\"] # scalar parameter"
        },
        {
            "definition": "Amount of bottles of omega brand meal replacement drink.",
            "symbol": "omega",
            "shape": [],
            "code": "omega = data[\"omega\"] # scalar parameter"
        }
    ],
    "constraints": [
        {
            "definition": "Non-negative number of alpha brand drinks",
            "formulation": "\\textup{alpha} \\ge 0",
            "code": "",
            "index": 1,
            "related_variables": [],
            "related_parameters": [
                "alpha"
            ],
            "status": "formulated"
        },
        {
            "definition": "Non-negative number of omega brand drinks",
            "formulation": "\\textup{omega} \\geq 0",
            "code": "",
            "index": 2,
            "related_variables": [],
            "related_parameters": [
                "omega"
            ],
            "status": "formulated"
        },
        {
            "definition": "Protein intake should be at least 100 grams",
            "formulation": "TotalProtein \\geq 100",
            "code": "",
            "index": 3,
            "related_variables": [
                "TotalProtein"
            ],
            "related_parameters": [],
            "status": "formulated"
        },
        {
            "definition": "Calorie intake should be at least 2000",
            "formulation": "CalorieIntake \\geq 2000",
            "code": "",
            "index": 4,
            "related_variables": [],
            "related_parameters": [],
            "status": "formulated"
        },
        {
            "definition": "Omega brand drinks should not exceed 35% of total drinks",
            "formulation": "OmegaFraction \\leq 0.35",
            "code": "",
            "index": 5,
            "related_variables": [
                "TotalDrinks",
                "OmegaFraction"
            ],
            "related_parameters": [],
            "status": "formulated"
        }
    ],
    "variables": [
        {
            "definition": "Total protein intake in grams",
            "symbol": "TotalProtein",
            "shape": [],
            "status": "formulated"
        },
        {
            "definition": "Total number of drinks",
            "symbol": "TotalDrinks",
            "shape": [],
            "status": "formulated"
        },
        {
            "definition": "Fraction of drinks that come from the omega brand",
            "symbol": "OmegaFraction",
            "shape": [],
            "status": "formulated"
        },
        {
            "definition": "Amount of sugar intake per brand (alpha or omega)",
            "symbol": "SugarIntakePerBrand",
            "shape": [],
            "status": "formulated"
        }
    ],
    "objective": [
        {
            "definition": "Minimize the total sugar intake",
            "formulation": "\\textup{SugarIntakePerBrand} * \\textup{TotalDrinks}",
            "code": "",
            "index": 5,
            "related_variables": [
                "SugarIntakePerBrand",
                "TotalDrinks"
            ],
            "related_parameters": [],
            "status": "formulated"
        }
    ],
    "solution_status": null,
    "solver_output_status": null,
    "error_message": null,
    "obj_val": null,
    "data_json_path": "../dataset/LPWP/prob_101/input.json",
    "log_folder": "../dataset/LPWP/prob_101/log"
}