{
    "all_space": 200,
    "n_heifers": 20,
    "n_milk": 100,
    "heifer_space": 0.666667,
    "cow_space": 1,
    "cow_calve": 1.1,
    "price_bullock": 30,
    "price_heifer": 40,
    "price_cow": 120,
    "loss_heifer": 0.05,
    "loss_cow": 0.02,
    "revenue_milk": 370,
    "n_maxcow": 130,
    "cow_outlay": 200,
    "cow_grain": 0.6,
    "cow_sugar": 0.7,
    "sugar_per_acre": 1.5,
    "space_grain": 80,
    "graindivision": [20, 30, 20, 10],
    "yield": [1.1, 0.9, 0.8, 0.65],
    "buyprice_grain": 90,
    "sellprice_grain": 75,
    "buyprice_sugar": 70,
    "sellprice_sugar": 58,
    "labour_heifers": 10,
    "labour_cow": 42,
    "labour_grain": 4,
    "labour_sugar": 14,
    "extra_heifers": 50,
    "extra_cow": 100,
    "extra_grain": 15,
    "extra_sugar": 10,
    "labour_cost": 4000,
    "labour_hour": 5500,
    "extra_labour_cost": 1.20
}