{
    "num_machines": [4, 2, 3, 1, 1],
    "profit": [10, 6, 8, 4, 11, 9, 3],
    "time": [
        [0.5, 0.1, 0.2, 0.05, 0.0],
        [0.7, 0.2, 0.0, 0.03, 0.0],
        [0.0, 0.0, 0.8, 0.0, 0.01],
        [0.0, 0.3, 0.0, 0.07, 0.0],
        [0.3, 0.0, 0.0, 0.1, 0.05],
        [0.5, 0.0, 0.6, 0.08, 0.05]
    ],
    "maintain": [
        [1, 0, 0, 0, 1, 0],
        [0, 0, 0, 1, 1, 0],
        [0, 2, 0, 0, 0, 1],
        [0, 0, 1, 0, 0, 0],
        [0, 0, 0, 0, 0, 1]
    ],
    "limit": [
        [500,600,300,200,0,500],
        [1000,500,600,300,100,500],
        [300,200,0,400,500,100],
        [300,0,0,500,100,300],
        [800,400,500,200,1000,1100],
        [200,300,400,0,300,500],
        [100,150,100,100,0,60]
    ],
    "store_price": 0.5,
    "keep_quantity": 100,
    "n_workhours": 8.0
}